{
    "status": "ok",
    "totalResults": 5,
    "articles": [
        {
            "source": {
                "id": "independent",
                "name": "Independent"
            },
            "author": "Kathy Lette",
            "title": "Sorry Stephen, but my day Lording it over the Poms has made this Aussie a cricket convert",
            "description": "At Lord’s on Saturday for a thrilling Test match, the writer Kathy Lette had relied on her friend Stephen Fry to educate her in the finer aspects of the game. By Sunday, she had to go into hiding after that ‘dubious stumping’ made all Aussies public enemy No …",
            "url": "http://www.independent.co.uk/voices/ashes-lords-jonny-bairstow-mcc-stephen-fry-b2369009.html",
            "urlToImage": "https://static.independent.co.uk/2023/07/04/09/KATHY%20STEPHEN%20FRY.JPG?quality=75&width=1200&auto=webp",
            "publishedAt": "2023-07-04T09:34:54Z",
            "content": "I was never a big cricket fan. Hell, Ive had marriages that have lasted less time than a test match. It seemed like the sporting version of tantric sex where the only thing that gets sticky is the wi… [+738 chars]"
        },
        {
            "source": {
                "id": "bbc-sport",
                "name": "BBC Sport"
            },
            "author": null,
            "title": "'Tumultuous week in summer that shows best and worst of cricket'",
            "description": "Cricket has had to confront difficult questions about its image and the values it stands after a tumultuous week on and off the field, writes Dan Roan.",
            "url": "http://www.bbc.co.uk/sport/cricket/66093964",
            "urlToImage": "https://ichef.bbci.co.uk/live-experience/cps/624/cpsprodpb/17320/production/_130280059_bairstow_getty.jpg",
            "publishedAt": "2023-07-04T09:07:21.4621002Z",
            "content": "<table><tr><th>Men's Ashes: England v Australia - third Test</th></tr>\r\n<tr><td>Venue: Headingley Dates: 6-10 July Time: 11:00 BST</td></tr><tr><td>Coverage: Daily Today at the Test highlights on BBC… [+5857 chars]"
        },
        {
            "source": {
                "id": "news24",
                "name": "News24"
            },
            "author": "sport",
            "title": "Diplomacy burnt to Ashes: Now Australian PM Albanese also wades into cricket row",
            "description": "The British and Australian prime ministers have traded verbal bouncers after a controversial Test match between the two sides that has rocked the usually genteel world of cricket.",
            "url": "https://www.news24.com/sport/cricket/diplomacy-burnt-to-ashes-uk-australian-pms-wade-into-cricket-row-20230704",
            "urlToImage": "https://cdn.24.co.za/files/Cms/General/d/1535/c8bf8516680a40529586738472167961.jpg",
            "publishedAt": "2023-07-04T07:49:56+00:00",
            "content": "<ul><li>Both the UK and Australian prime ministers have now had their say about Jonny Bairstow's controversial stumping during the second Ashes Test.</li><li>Rishi Sunak, the UK leader, hit first by … [+3867 chars]"
        },
        {
            "source": {
                "id": "espn-cric-info",
                "name": "ESPN Cric Info"
            },
            "author": null,
            "title": "PCB hands Umar Akmal three-year ban from all cricket | ESPNcricinfo.com",
            "description": "Penalty after the batsman pleaded guilty to not reporting corrupt approaches | ESPNcricinfo.com",
            "url": "http://www.espncricinfo.com/story/_/id/29103103/pcb-hands-umar-akmal-three-year-ban-all-cricket",
            "urlToImage": "https://a4.espncdn.com/combiner/i?img=%2Fi%2Fcricket%2Fcricinfo%2F1099495_800x450.jpg",
            "publishedAt": "2020-04-27T11:41:47Z",
            "content": "Umar Akmal's troubled cricket career has hit its biggest roadblock yet, with the PCB handing him a ban from all representative cricket for three years after he pleaded guilty of failing to report det… [+1506 chars]"
        },
        {
            "source": {
                "id": "espn-cric-info",
                "name": "ESPN Cric Info"
            },
            "author": null,
            "title": "What we learned from watching the 1992 World Cup final in full again | ESPNcricinfo.com",
            "description": "Wides, lbw calls, swing - plenty of things were different in white-ball cricket back then | ESPNcricinfo.com",
            "url": "http://www.espncricinfo.com/story/_/id/28970907/learned-watching-1992-world-cup-final-full-again",
            "urlToImage": "https://a4.espncdn.com/combiner/i?img=%2Fi%2Fcricket%2Fcricinfo%2F1219926_1296x729.jpg",
            "publishedAt": "2020-03-30T15:26:05Z",
            "content": "Last week, we at ESPNcricinfo did something we have been thinking of doing for eight years now: pretend-live ball-by-ball commentary for a classic cricket match. We knew the result, yes, but we tried… [+6823 chars]"
        }
    ]
}